AUG,M
AUA,I
AUC,I
AUM,I
AUH,I
AUU,I
ACG,T
ACA,T
ACC,T
ACU,T
ACN,T
ACR,T
ACY,T
ACK,T
ACM,T
ACS,T
ACW,T
ACB,T
ACD,T
ACH,T
ACV,T
AAG,K
AAA,K
AAR,K
AAC,N
AAU,N
AAY,N
AGG,R
AGA,R
AGR,R
AGC,S
AGU,S
AGY,S
GUG,V
GUA,V
GUC,V
GUU,V
GUR,V
GUY,V
GUK,V
GUM,V
GUS,V
GUW,V
GUB,V
GUD,V
GUH,V
GUV,V
GUN,V
GCG,A
GCA,A
GCC,A
GCU,A
GCR,A
GCY,A
GCK,A
GCM,A
GCS,A
GCW,A
GCB,A
GCD,A
GCH,A
GCV,A
GCN,A
GAG,E
GAA,E
GAR,E
GAC,D
GAU,D
GAY,D
GGG,G
GGA,G
GGC,G
GGU,G
GGR,G
GGY,G
GGK,G
GGM,G
GGS,G
GGW,G
GGB,G
GGD,G
GGH,G
GGV,G
GGN,G
UUG,L
UUA,L
UUR,L
UUC,F
UUU,F
UUY,F
UCG,S
UCA,S
UCC,S
UCU,S
UCR,S
UCY,S
UCK,S
UCM,S
UCS,S
UCW,S
UCB,S
UCD,S
UCH,S
UCV,S
UCN,S
UAG,*
UAA,*
UAR,*
UAC,Y
UAU,Y
UAY,Y
UGG,W
UGA,*
UGC,C
UGU,C
UGY,C
CUG,L
CUA,L
CUC,L
CUU,L
CUR,L
CUY,L
CUK,L
CUM,L
CUS,L
CUW,L
CUB,L
CUD,L
CUH,L
CUV,L
CUN,L
CCG,P
CCA,P
CCC,P
CCU,P
CCR,P
CCY,P
CCK,P
CCM,P
CCS,P
CCW,P
CCB,P
CCD,P
CCH,P
CCV,P
CCN,P
CAG,Q
CAA,Q
CAR,Q
CAC,H
CAU,H
CAY,H
CGG,R
CGA,R
CGC,R
CGU,R
CCR,R
CGY,R
CGK,R
CGM,R
CGS,R
CGW,R
CGB,R
CGD,R
CGH,R
CGV,R
CGN,R
SAG,Z
SAA,Z
YUG,J
HUA,J
MUC,J
MUU,J
RAY,B
